{
  "version": 1,
  "author": "ProCoding Whitehat JR",
  "editor": "wokwi",
  "parts": [
    { "type": "board-esp32-devkit-c-v4", "id": "esp", "top": -67.2, "left": -119.96, "attrs": {} },
    {
      "type": "wokwi-pushbutton",
      "id": "btn1",
      "top": -51.4,
      "left": -259.2,
      "attrs": { "color": "green" }
    },
    { "type": "wokwi-relay-module", "id": "relay1", "top": 0.2, "left": 48, "attrs": {} },
    { "type": "wokwi-led", "id": "led1", "top": 54, "left": 61.4, "attrs": { "color": "red" } }
  ],
  "connections": [
    [ "esp:TX", "$serialMonitor:RX", "", [] ],
    [ "esp:RX", "$serialMonitor:TX", "", [] ],
    [ "esp:GND.1", "btn1:1.l", "black", [ "h-38.25", "v19.2", "h-134.7", "v-144" ] ],
    [ "btn1:2.r", "esp:32", "green", [ "h48.2", "v29" ] ],
    [ "esp:18", "relay1:IN", "green", [ "h0" ] ],
    [ "relay1:GND", "esp:GND.2", "black", [ "h-38.4", "v-67.6", "h-19.2" ] ],
    [ "esp:3V3", "relay1:VCC", "red", [ "h-28.65", "v-38.4", "h163.2", "v96" ] ],
    [ "led1:C", "esp:GND.2", "black", [ "h-66.8", "v-134.4" ] ],
    [ "led1:A", "relay1:IN", "green", [ "v38.4", "h-57.6", "v-96" ] ]
  ],
  "dependencies": {}
}